food,max
Caloric Value,2000
Fat,78
Saturated Fats,22
Monounsaturated Fats,78
Polyunsaturated Fats,44
Carbohydrates,325
Sugars,80
Protein,175
Dietary Fiber,30
Cholesterol,300
Sodium,2.3
Water,3000
Vitamin A,1
Vitamin B1,1
Vitamin B11,0.0025
Vitamin B12,0.0025
Vitamin B2,1.3
Vitamin B3,16
Vitamin B5,5
Vitamin B6,1.3
Vitamin C,90
Vitamin D,0.015
Vitamin E,15
Vitamin K,0.12
Calcium,1000
Copper,2.5
Iron,8
Magnesium,400
Manganese,2.3
Phosphorus,700
Potassium,3400
Selenium,0.055
Zinc,11
Nutrition Density,1400
